c10_15_C3,12297.1.248909.ACTGTCGAAGC.fastq.gz
c10_15_C5,12297.1.248909.GTCCGCTGAAT.fastq.gz
c10_15_C6,12297.1.248909.GAACACTTCTG.fastq.gz
c10_15_CS1,12297.1.248909.TGTCGGCTACA.fastq.gz
c10_15_CS4,12297.1.248909.GTAGCAACGTC.fastq.gz
c10_15_CS6,12297.1.248909.GACTTATAGGC.fastq.gz
c10_15_F3,12297.1.248909.TTAACGGCTGA.fastq.gz
c10_15_F4,12297.1.248909.TAGGCCGACTT.fastq.gz
c10_15_F6,12297.1.248909.TACCGCTAGTA.fastq.gz
c10_15_PR3,12297.1.248909.TGGCTCTACAG.fastq.gz
c10_15_PR5,12297.1.248909.GATACGTCCTG.fastq.gz
c10_15_PU4,12297.1.248909.CTTCTAAGGAG.fastq.gz
c10_15_PU5,12297.1.248909.ATTCATGGACG.fastq.gz
c10_15_PU6,12297.1.248909.TCTGGAACGCT.fastq.gz
c10_16_C4,12297.1.248909.TCAGAGGTTAC.fastq.gz
c10_16_C5,12297.1.248909.GTCCAGTAATG.fastq.gz
c10_16_C6,12297.1.248909.ACGACGTCTTA.fastq.gz
c10_16_CS1,12297.1.248909.AAGTGGACTCT.fastq.gz
c10_16_CS4,12297.1.248909.TAGTCAGGCCA.fastq.gz
c10_16_F4,12297.1.248909.TCGCATGAAGT.fastq.gz
c10_16_F5,12297.1.248909.GAGTTCCATAG.fastq.gz
c10_16_F6,12297.1.248909.CAATTGTGCAC.fastq.gz
c10_16_PR3,12297.1.248909.CACATTGTGAG.fastq.gz
c10_16_PR4,12297.1.248909.CGGTACTTGCA.fastq.gz
c10_16_PR5,12297.1.248909.TCGCTGTAACA.fastq.gz
c10_16_PR6,12297.1.248909.CTTGTAGGACC.fastq.gz
c10_16_PU3,12297.1.248909.GTACGAATCCT.fastq.gz
c03_14_CS1,12297.1.248909.TTGTCGCACAA.fastq.gz
c03_14_CS3,12297.1.248909.AACTGTGCGTA.fastq.gz
c03_14_F1,12297.1.248909.TGCGAACGTAT.fastq.gz
c03_14_F5,12297.1.248909.CATCAGCGTGT.fastq.gz
c03_14_PR3,12297.1.248909.TTCAACAGGTG.fastq.gz
c03_14_PR5,12297.1.248909.AGCGTGTCCAA.fastq.gz
c03_14_PU1,12297.1.248909.CCTGGATATAG.fastq.gz
c03_14_PU3,12297.1.248909.ATGACCATCGT.fastq.gz
c07_15_C3,12297.1.248909.TTGAACCAGCT.fastq.gz
c07_15_C4,12297.1.248909.CCAGTGTATGC.fastq.gz
c07_15_C5,12297.1.248909.TGCTACCATGA.fastq.gz
c07_15_C6,12297.1.248909.ATGCGAGTATC.fastq.gz
c07_15_CS1,12297.1.248909.GTATCCATGCG.fastq.gz
c07_15_CS4,12297.1.248909.CTTGCTGAAGA.fastq.gz
c07_15_F5,12297.1.248909.GGTCCAACTAG.fastq.gz
c07_15_F6,12297.1.248909.CTACAATGTCG.fastq.gz
c07_15_PR3,12297.1.248909.AACAGGTTCGC.fastq.gz
c07_15_PR5,12297.1.248909.GACGCTAGTTC.fastq.gz
c07_15_PU3,12297.1.248909.ATACTTCGCAG.fastq.gz
c07_15_PU6,12297.1.248909.TTAGCGTCACG.fastq.gz
c07_17_C3,12297.1.248909.CGATGTCGTCA.fastq.gz
c07_17_C4,12297.1.248909.CAGCTTACTAG.fastq.gz
c07_17_C5,12297.1.248909.CCAGATGATCG.fastq.gz
c07_17_C6,12297.1.248909.ACTGTACGCGT.fastq.gz
c07_17_CS1,12297.1.248909.TCCTAGCAGTG.fastq.gz
c07_17_CS4,12297.1.248909.AGCGATGCCTT.fastq.gz
c07_17_F3,12297.1.248909.GCACGTTCTAA.fastq.gz
c07_17_F4,12297.1.248909.CAGTGATCCTA.fastq.gz
c07_17_F5,12297.1.248909.TAGAGCCGTTA.fastq.gz
c07_17_PR5,12297.1.248909.TCCACAGGAGT.fastq.gz
c07_17_PR6,12297.1.248909.ACATCTTGACG.fastq.gz
c07_17_PU3,12297.1.248909.CGGACGTTCAT.fastq.gz
c07_17_PU4,12297.1.248909.CTCTAAGCATG.fastq.gz
c07_17_PU6,12297.1.248909.CTTCGGCAGAA.fastq.gz
d10_15_C3,12585.1.267335.AGCGATATCTG.fastq.gz
d10_15_C4,12585.1.267335.ACATATACGCG.fastq.gz
d10_15_C5,12585.1.267335.ACGACGTAGAG.fastq.gz
d10_15_C6,12585.1.267335.CAGTCTGATGC.fastq.gz
d10_15_CS1,12585.1.267335.TGTGACGAGAC.fastq.gz
d10_15_CS4,12585.1.267335.TCGCGCTACTA.fastq.gz
d10_15_CS5,12585.1.267335.TGACAGCTGCA.fastq.gz
d10_15_CS6,12585.1.267335.ATCATGTCAGT.fastq.gz
d10_15_F3,12585.1.267335.GACTAGTGCTG.fastq.gz
d10_15_F4,12585.1.267335.GATATGACGCG.fastq.gz
d10_15_F5,12585.1.267335.CGAGACTAGAG.fastq.gz
d10_15_F6,12585.1.267335.TCTAGCGATGC.fastq.gz
d10_15_PR3,12585.1.267335.ATCAGTGTCAC.fastq.gz
d10_15_PR4,12585.1.267335.ACGTCGACTGA.fastq.gz
d10_15_PR5,12585.1.267335.ACGTGTGAGCA.fastq.gz
d10_15_PR6,12585.1.267335.ATCTCAGCAGT.fastq.gz
d10_15_PU3,12585.1.267335.TGACACTGCTG.fastq.gz
d10_15_PU4,12585.1.267335.CTAGCTCAGCG.fastq.gz
d10_15_PU5,12585.1.267335.GCATATCAGAG.fastq.gz
d10_15_PU6,12585.1.267335.ACTCGTCATGC.fastq.gz
d10_16_C4,12585.1.267335.GTCGCTCATGA.fastq.gz
d10_16_C5,12585.1.267335.GATACGCTACA.fastq.gz
d10_16_C6,12585.1.267335.GATGACACAGT.fastq.gz
d10_16_CS1,12585.1.267335.ACGTGATGCTG.fastq.gz
d10_16_CS4,12585.1.267335.TATACGCAGCG.fastq.gz
d10_16_CS5,12585.1.267335.ATAGAGCTCAG.fastq.gz
d10_16_CS6,12585.1.267335.ACATGTGTCGC.fastq.gz
d10_16_F3,12585.1.267335.GAGTAGATCAC.fastq.gz
d10_16_F4,12585.1.267335.ACTCTATGCGA.fastq.gz
d10_16_F5,12585.1.267335.GCTGATATACA.fastq.gz
d10_16_F6,12585.1.267335.TAGCGTACTCT.fastq.gz
d10_16_PR3,12585.1.267335.CACAGACTATG.fastq.gz
d10_16_PR4,12585.1.267335.TAGTCGATACG.fastq.gz
d10_16_PR5,12585.1.267335.CGCATGATCAG.fastq.gz
d10_16_PR6,12585.1.267335.TACATAGTCGC.fastq.gz
d10_16_PU3,12585.1.267335.GCTACGTGCAC.fastq.gz
d10_16_PU4,12585.1.267335.CTAGTCGACGA.fastq.gz
d10_16_PU5,12585.1.267335.CAGATCTGACA.fastq.gz
d10_16_PU6,12585.1.267335.CTGACTACTCT.fastq.gz
d03_14_C1,12585.1.267335.ACTGATACATG.fastq.gz
d03_14_CS1,12585.1.267335.TATCGCACTAG.fastq.gz
d03_14_CS3,12585.1.267335.CGATATCGATC.fastq.gz
d03_14_F1,12585.1.267335.CAGATGCGAGC.fastq.gz
d03_14_F5,12585.1.267335.GCTCTAGAGTA.fastq.gz
d03_14_PR3,12585.1.267335.AGCGATGCTCA.fastq.gz
d03_14_PR5,12585.1.267335.AGATCGCTGTG.fastq.gz
d03_14_PU1,12585.1.267335.CGTAGATGTCG.fastq.gz
d03_14_PU3,12585.1.267335.GCTACTCTGAG.fastq.gz
d03_14_PU5,12585.1.267335.GCGATGTCATC.fastq.gz
d07_15_C3,12585.1.267335.TCGCATCTGAC.fastq.gz
d07_15_C4,12585.1.267335.AGCACGATCTA.fastq.gz
d07_15_C5,12585.1.267335.CGACTAGCTCA.fastq.gz
d07_15_C6,12585.1.267335.AGTCGCATCGT.fastq.gz
d07_15_CS1,12585.1.267335.CTACATGAGTG.fastq.gz
d07_15_CS4,12585.1.267335.ACATGACATCG.fastq.gz
d07_15_CS5,12585.1.267335.ACTGCGACGAG.fastq.gz
d07_15_CS6,12585.1.267335.TCATGCGCATC.fastq.gz
d07_15_F3,12585.1.267335.TAGATCATGAC.fastq.gz
d07_15_F4,12585.1.267335.ACGATGTGCTA.fastq.gz
d07_15_F5,12585.1.267335.TAGTGCACTCA.fastq.gz
d07_15_F6,12585.1.267335.GCTCATGTAGT.fastq.gz
d07_15_PR3,12585.1.267335.TAGCACGAGTG.fastq.gz
d07_15_PR4,12585.1.267335.AGTCTACTGCG.fastq.gz
d07_15_PR5,12585.1.267335.GTCTACACGAG.fastq.gz
d07_15_PR6,12585.1.267335.GACGACGCATC.fastq.gz
d07_15_PU3,12585.1.267335.GTGCACGCGAC.fastq.gz
d07_15_PU4,12585.1.267335.GCTCACAGCTA.fastq.gz
d07_15_PU5,12585.1.267335.GATATCGATCA.fastq.gz
d07_15_PU6,12585.1.267335.CTGTCATGAGT.fastq.gz
d07_17_C3,12585.1.267335.CTAGACTGATG.fastq.gz
d07_17_C4,12585.1.267335.CATGAGAGACG.fastq.gz
d07_17_C5,12585.1.267335.GATCAGTACAG.fastq.gz
d07_17_C6,12585.1.267335.ATGTAGTGCGC.fastq.gz
d07_17_CS1,12585.1.267335.GACGATGACAC.fastq.gz
d07_17_CS4,12585.1.267335.CACTGTATAGA.fastq.gz
d07_17_CS6,12585.1.267335.ACGTAGTATCT.fastq.gz
d07_17_F3,12585.1.267335.TCTACGAGATG.fastq.gz
d07_17_F4,12585.1.267335.CATCACTGTAG.fastq.gz
d07_17_F5,12585.1.267335.CGATGAGCGTC.fastq.gz
d07_17_F6,12585.1.267335.GCACGTATAGC.fastq.gz
d07_17_PR3,12585.1.267335.CGCGCAGTGTA.fastq.gz
d07_17_PR4,12585.1.267335.CGCACATCAGA.fastq.gz
d07_17_PR5,12585.1.267335.GTCACGACACA.fastq.gz
d07_17_PR6,12585.1.267335.AGAGCATATCT.fastq.gz
d07_17_PU3,12585.1.267335.ACGATCGCTAG.fastq.gz
d07_17_PU4,12585.1.267335.AGATGTAGCTC.fastq.gz
d07_17_PU5,12585.1.267335.GCGACTCGAGC.fastq.gz
d07_17_PU6,12585.1.267335.CGCATGTAGTA.fastq.gz